{
	"Link Color": {
		"Red Component": 0,
		"Color Space": "sRGB",
		"Blue Component": 0.7342271208763123,
		"Alpha Component": 1,
		"Green Component": 0.35915297269821167
	},
	"Tags": [],
	"Ansi 12 Color": {
		"Green Component": 0.8117647171020508,
		"Red Component": 0.5529412031173706,
		"Blue Component": 0.9411764740943909
	},
	"Ansi 7 Color": {
		"Green Component": 0.6298518180847168,
		"Red Component": 0.6297333240509033,
		"Blue Component": 0.6297031044960022
	},
	"Draw Powerline Glyphs": true,
	"Bold Color": {
		"Green Component": 1,
		"Red Component": 1,
		"Blue Component": 1
	},
	"Ansi 8 Color": {
		"Green Component": 0.47999998927116394,
		"Red Component": 0.47999998927116394,
		"Blue Component": 0.47999998927116394
	},
	"Ansi 9 Color": {
		"Green Component": 0.5137254902,
		"Red Component": 0.8392156863,
		"Blue Component": 0.4862745098
	},
	"Ansi 1 Color": {
		"Green Component": 0.2561769783,
		"Red Component": 0.7201576829,
		"Blue Component": 0.1933501363
	},
	"Rows": 40,
	"Default Bookmark": "No",
	"Horizontal Spacing": 1,
	"Cursor Guide Color": {
		"Red Component": 0.7021402716636658,
		"Color Space": "sRGB",
		"Blue Component": 1,
		"Alpha Component": 0.25,
		"Green Component": 0.9268137812614441
	},
	"Non-ASCII Anti Aliased": true,
	"Use Bright Bold": true,
	"Ansi 10 Color": {
		"Green Component": 0.9450980392,
		"Red Component": 0.768627451,
		"Blue Component": 0.2156862745
	},
	"Ambiguous Double Width": false,
	"Jobs to Ignore": ["rlogin", "ssh", "slogin", "telnet"],
	"Show Status Bar": true,
	"Ansi 15 Color": {
		"Green Component": 0.9686274528503418,
		"Red Component": 0.9686274528503418,
		"Blue Component": 0.9686274528503418
	},
	"Foreground Color": {
		"Green Component": 0.9686274528503418,
		"Red Component": 0.9686274528503418,
		"Blue Component": 0.9686274528503418
	},
	"Working Directory": "/Users/vlad",
	"Blinking Cursor": true,
	"Disable Window Resizing": true,
	"Sync Title": false,
	"Prompt Before Closing 2": false,
	"BM Growl": true,
	"Mouse Reporting": true,
	"Command": "",
	"Description": "Default",
	"Screen": -1,
	"Selection Color": {
		"Green Component": 0.4543989896774292,
		"Red Component": 0.12700089812278748,
		"Blue Component": 0.5150196552276611
	},
	"Columns": 160,
	"Idle Code": 0,
	"Ansi 13 Color": {
		"Green Component": 0.6039215686,
		"Red Component": 0.968627451,
		"Blue Component": 1
	},
	"Custom Command": "No",
	"ASCII Anti Aliased": true,
	"Non Ascii Font": "Monaco 12",
	"Vertical Spacing": 1,
	"Use Bold Font": true,
	"Option Key Sends": 0,
	"Selected Text Color": {
		"Green Component": 0.9686274528503418,
		"Red Component": 0.9686274528503418,
		"Blue Component": 0.9686274528503418
	},
	"Background Color": {
		"Green Component": 0.1061420664191246,
		"Red Component": 0.10612169653177261,
		"Blue Component": 0.10611827671527863
	},
	"Character Encoding": 4,
	"Ansi 11 Color": {
		"Green Component": 0.8823529481887817,
		"Red Component": 0.9960784316062927,
		"Blue Component": 0.3019607961177826
	},
	"Thin Strokes": 3,
	"Use Italic Font": true,
	"Unlimited Scrollback": false,
	"Keyboard Map": {
		"0xf700-0x260000": {
			"Text": "[1;6A",
			"Action": 10
		},
		"0x37-0x40000": {
			"Text": "0x1f",
			"Action": 11
		},
		"0x32-0x40000": {
			"Text": "0x00",
			"Action": 11
		},
		"0xf709-0x20000": {
			"Text": "[17;2~",
			"Action": 10
		},
		"0xf70c-0x20000": {
			"Text": "[20;2~",
			"Action": 10
		},
		"0xf729-0x20000": {
			"Text": "[1;2H",
			"Action": 10
		},
		"0xf72b-0x40000": {
			"Text": "[1;5F",
			"Action": 10
		},
		"0xf705-0x20000": {
			"Text": "[1;2Q",
			"Action": 10
		},
		"0xf703-0x260000": {
			"Text": "[1;6C",
			"Action": 10
		},
		"0xf700-0x220000": {
			"Text": "[1;2A",
			"Action": 10
		},
		"0xf701-0x280000": {
			"Text": "0x1b 0x1b 0x5b 0x42",
			"Action": 11
		},
		"0x38-0x40000": {
			"Text": "0x7f",
			"Action": 11
		},
		"0x33-0x40000": {
			"Text": "0x1b",
			"Action": 11
		},
		"0xf703-0x220000": {
			"Text": "[1;2C",
			"Action": 10
		},
		"0xf701-0x240000": {
			"Text": "[1;5B",
			"Action": 10
		},
		"0xf70d-0x20000": {
			"Text": "[21;2~",
			"Action": 10
		},
		"0xf702-0x260000": {
			"Text": "[1;6D",
			"Action": 10
		},
		"0xf729-0x40000": {
			"Text": "[1;5H",
			"Action": 10
		},
		"0xf706-0x20000": {
			"Text": "[1;2R",
			"Action": 10
		},
		"0x34-0x40000": {
			"Text": "0x1c",
			"Action": 11
		},
		"0xf700-0x280000": {
			"Text": "0x1b 0x1b 0x5b 0x41",
			"Action": 11
		},
		"0x2d-0x40000": {
			"Text": "0x1f",
			"Action": 11
		},
		"0xf70e-0x20000": {
			"Text": "[23;2~",
			"Action": 10
		},
		"0xf702-0x220000": {
			"Text": "[1;2D",
			"Action": 10
		},
		"0xf703-0x280000": {
			"Text": "0x1b 0x1b 0x5b 0x43",
			"Action": 11
		},
		"0xf700-0x240000": {
			"Text": "[1;5A",
			"Action": 10
		},
		"0xf707-0x20000": {
			"Text": "[1;2S",
			"Action": 10
		},
		"0xf70a-0x20000": {
			"Text": "[18;2~",
			"Action": 10
		},
		"0x35-0x40000": {
			"Text": "0x1d",
			"Action": 11
		},
		"0xf70f-0x20000": {
			"Text": "[24;2~",
			"Action": 10
		},
		"0xf703-0x240000": {
			"Text": "[1;5C",
			"Action": 10
		},
		"0xf701-0x260000": {
			"Text": "[1;6B",
			"Action": 10
		},
		"0xf702-0x280000": {
			"Text": "0x1b 0x1b 0x5b 0x44",
			"Action": 11
		},
		"0xf72b-0x20000": {
			"Text": "[1;2F",
			"Action": 10
		},
		"0x36-0x40000": {
			"Text": "0x1e",
			"Action": 11
		},
		"0xf708-0x20000": {
			"Text": "[15;2~",
			"Action": 10
		},
		"0xf701-0x220000": {
			"Text": "[1;2B",
			"Action": 10
		},
		"0xf70b-0x20000": {
			"Text": "[19;2~",
			"Action": 10
		},
		"0xf702-0x240000": {
			"Text": "[1;5D",
			"Action": 10
		},
		"0xf704-0x20000": {
			"Text": "[1;2P",
			"Action": 10
		}
	},
	"Window Type": 0,
	"Blur Radius": 7.970205090709568,
	"Cursor Type": 1,
	"Background Image Location": "",
	"Blur": true,
	"Badge Color": {
		"Red Component": 1,
		"Color Space": "sRGB",
		"Blue Component": 0,
		"Alpha Component": 0.5,
		"Green Component": 0.14910027384757996
	},
	"Scrollback Lines": 1000,
	"Send Code When Idle": false,
	"Close Sessions On End": 1,
	"Terminal Type": "xterm-256color",
	"Visual Bell": true,
	"Flashing Bell": false,
	"Status Bar Layout": {
		"components": [
			{
				"class": "iTermStatusBarBatteryComponent",
				"configuration": {
					"knobs": {
						"ShowPercentage": 1,
						"base: priority": 5,
						"shared text color": {
							"Red Component": 0.9,
							"Color Space": "sRGB",
							"Blue Component": 0.63,
							"Alpha Component": 1,
							"Green Component": 0.63
						},
						"ShowTime": 0
					},
					"layout advanced configuration dictionary value": {
						"remove empty components": false,
						"font": ".AppleSystemUIFont 12",
						"algorithm": 0,
						"auto-rainbow style": 3
					}
				}
			},
			{
				"class": "iTermStatusBarCPUUtilizationComponent",
				"configuration": {
					"knobs": {
						"base: priority": 5,
						"shared text color": {
							"Red Component": 0.6786,
							"Color Space": "sRGB",
							"Blue Component": 0.63,
							"Alpha Component": 1,
							"Green Component": 0.9
						}
					},
					"layout advanced configuration dictionary value": {
						"remove empty components": false,
						"font": ".AppleSystemUIFont 12",
						"algorithm": 0,
						"auto-rainbow style": 3
					}
				}
			},
			{
				"class": "iTermStatusBarMemoryUtilizationComponent",
				"configuration": {
					"knobs": {
						"base: priority": 5,
						"shared text color": {
							"Red Component": 0.63,
							"Color Space": "sRGB",
							"Blue Component": 0.9,
							"Alpha Component": 1,
							"Green Component": 0.7272
						}
					},
					"layout advanced configuration dictionary value": {
						"remove empty components": false,
						"font": ".AppleSystemUIFont 12",
						"algorithm": 0,
						"auto-rainbow style": 3
					}
				}
			},
			{
				"class": "iTermStatusBarClockComponent",
				"configuration": {
					"knobs": {
						"format": "E ee MMM | HH:mm:ss / hh:mm a",
						"base: priority": 5,